-- INSERT INTO benachrichtigung VALUES ();

-- INSERT INTO besuchen (Student_ID, Lehrveranstaltung_ID) 
-- VALUES
--      (4321, 1);

INSERT INTO lehrperson (ID, Name, Email, Rolle, Wochenarbeitsstunden)
VALUES
     (069, 'Jaman', 'jaman@stud.hn.de', 'Lehrer', 0);

INSERT INTO raum (ID, Bezeichnung, Kapazität, Standort)
VALUES 
     (1, 'F303', 200, 'Krefeld'),
     (2, 'F302', 200, 'Krefeld'),
     (3, 'B101', 200, 'Gladbach'),
     (4, 'B201', 200, 'Gladbach');

INSERT INTO termin (ID, Datum, Zeitraum_Start, Zeitraum_End, Raum_ID)
VALUES
     (1, '2024-06-24', '08:00:00', '10:00:00', 1),
     (2, '2024-06-24', '10:00:00', '12:00:00', 1),
     (3, '2024-06-24', '12:00:00', '14:00:00', 1),
     (4, '2024-06-24', '14:00:00', '16:00:00', 1),
     (5, '2024-06-24', '16:00:00', '18:00:00', 1),
     (6, '2024-06-24', '18:00:00', '20:00:00', 1),
     (7, '2024-06-25', '08:00:00', '10:00:00', 1),
     (8, '2024-06-25', '10:00:00', '12:00:00', 1),
     (9, '2024-06-25', '12:00:00', '14:00:00', 1),
     (10, '2024-06-25', '14:00:00', '16:00:00', 1),
     (11, '2024-06-25', '16:00:00', '18:00:00', 1),
     (12, '2024-06-25', '18:00:00', '20:00:00', 1),
     (13, '2024-06-26', '08:00:00', '10:00:00', 1),
     (14, '2024-06-26', '10:00:00', '12:00:00', 1),
     (15, '2024-06-26', '12:00:00', '14:00:00', 1),
     (16, '2024-06-26', '14:00:00', '16:00:00', 1),
     (17, '2024-06-26', '16:00:00', '18:00:00', 1),
     (18, '2024-06-26', '18:00:00', '20:00:00', 1),
     (19, '2024-06-27', '08:00:00', '10:00:00', 1),
     (20, '2024-06-27', '10:00:00', '12:00:00', 1),
     (21, '2024-06-27', '12:00:00', '14:00:00', 1),
     (22, '2024-06-27', '14:00:00', '16:00:00', 1),
     (23, '2024-06-27', '16:00:00', '18:00:00', 1),
     (24, '2024-06-27', '18:00:00', '20:00:00', 1),
     (25, '2024-06-28', '08:00:00', '10:00:00', 1),
     (26, '2024-06-28', '10:00:00', '12:00:00', 1),
     (27, '2024-06-28', '12:00:00', '14:00:00', 1),
     (28, '2024-06-28', '14:00:00', '16:00:00', 1),
     (29, '2024-06-28', '16:00:00', '18:00:00', 1),
     (30, '2024-06-28', '18:00:00', '20:00:00', 1),
     (31, '2024-06-24', '08:00:00', '10:00:00', 2),
     (32, '2024-06-24', '10:00:00', '12:00:00', 2),
     (33, '2024-06-24', '12:00:00', '14:00:00', 2),
     (34, '2024-06-24', '14:00:00', '16:00:00', 2),
     (35, '2024-06-24', '16:00:00', '18:00:00', 2),
     (36, '2024-06-24', '18:00:00', '20:00:00', 2),
     (37, '2024-06-25', '08:00:00', '10:00:00', 2),
     (38, '2024-06-25', '10:00:00', '12:00:00', 2),
     (39, '2024-06-25', '12:00:00', '14:00:00', 2),
     (40, '2024-06-25', '14:00:00', '16:00:00', 2),
     (41, '2024-06-25', '16:00:00', '18:00:00', 2),
     (42, '2024-06-25', '18:00:00', '20:00:00', 2),
     (43, '2024-06-26', '08:00:00', '10:00:00', 2),
     (44, '2024-06-26', '10:00:00', '12:00:00', 2),
     (45, '2024-06-26', '12:00:00', '14:00:00', 2),
     (46, '2024-06-26', '14:00:00', '16:00:00', 2),
     (47, '2024-06-26', '16:00:00', '18:00:00', 2),
     (48, '2024-06-26', '18:00:00', '20:00:00', 2),
     (49, '2024-06-27', '08:00:00', '10:00:00', 2),
     (50, '2024-06-27', '10:00:00', '12:00:00', 2),
     (51, '2024-06-27', '12:00:00', '14:00:00', 2),
     (52, '2024-06-27', '14:00:00', '16:00:00', 2),
     (53, '2024-06-27', '16:00:00', '18:00:00', 2),
     (54, '2024-06-27', '18:00:00', '20:00:00', 2),
     (55, '2024-06-28', '08:00:00', '10:00:00', 2),
     (56, '2024-06-28', '10:00:00', '12:00:00', 2),
     (57, '2024-06-28', '12:00:00', '14:00:00', 2),
     (58, '2024-06-28', '14:00:00', '16:00:00', 2),
     (59, '2024-06-28', '16:00:00', '18:00:00', 2),
     (60, '2024-06-28', '18:00:00', '20:00:00', 2);

INSERT INTO lehrveranstaltung (ID, Titel, Fachbereich, Dauer, Raum_ID, Termin_ID, Lehrperson_ID)
VALUES 
     (1, 'Kiffologie', 'FB69', 2, 1, 1, 069),
     (2, 'ET2', 'FB03', 2, 1, 2, 069);