-- INSERT INTO benachrichtigung VALUES ();

-- INSERT INTO besuchen (Student_ID, Lehrveranstaltung_ID) 
-- VALUES
--      (4321, 1);

INSERT INTO lehrperson (ID, Name, Email, Rolle, Wochenarbeitsstunden)
VALUES
     (069, 'Jaman', 'jaman@stud.hn.de', 'Lehrer', 0),
     (1, 'Max Mustermann', 'max.mustermann@hs-niederrhein.de', 'Professor', 0),
    (2, 'Erika Musterfrau', 'erika.musterfrau@hs-niederrhein.de', 'Tutor', 0),
    (3, 'Hans Schmidt', 'hans.schmidt@hs-niederrhein.de', 'Dozent', 0),
    (4, 'Anna Berger', 'anna.berger@hs-niederrhein.de', 'Professor', 0),
    (5, 'Thomas Mayer', 'thomas.mayer@hs-niederrhein.de', 'Tutor', 0),
    (6, 'Monika Huber', 'monika.huber@hs-niederrhein.de', 'Dozent', 0),
    (7, 'Matthias Fischer', 'matthias.fischer@hs-niederrhein.de', 'Professor', 0),
    (8, 'Sabine Wolf', 'sabine.wolf@hs-niederrhein.de', 'Tutor', 0),
    (9, 'Jürgen Schulz', 'juergen.schulz@hs-niederrhein.de', 'Dozent', 0),
    (10, 'Petra Wagner', 'petra.wagner@hs-niederrhein.de', 'Professor', 0);

INSERT INTO raum (ID, Bezeichnung, Kapazität, Standort)
VALUES 
     (1, 'F303', 200, 'Krefeld'),
     (2, 'F302', 200, 'Krefeld'),
     (3, 'B101', 200, 'Gladbach');

INSERT INTO termin (ID, Wochentag, Zeitraum_Start, Zeitraum_End, Raum_ID)
VALUES
     (1, 'Monday', '08:00:00', '10:00:00', 1),
     (2, 'Monday', '10:00:00', '12:00:00', 1),
     (3, 'Monday', '12:00:00', '14:00:00', 1),
     (4, 'Monday', '14:00:00', '16:00:00', 1),
     (5, 'Monday', '16:00:00', '18:00:00', 1),
     (6, 'Monday', '18:00:00', '20:00:00', 1),
     (7, 'Tuesday', '08:00:00', '10:00:00', 1),
     (8, 'Tuesday', '10:00:00', '12:00:00', 1),
     (9, 'Tuesday', '12:00:00', '14:00:00', 1),
     (10, 'Tuesday', '14:00:00', '16:00:00', 1),
     (11, 'Tuesday', '16:00:00', '18:00:00', 1),
     (12, 'Tuesday', '18:00:00', '20:00:00', 1),
     (13, 'Wednesday', '08:00:00', '10:00:00', 1),
     (14, 'Wednesday', '10:00:00', '12:00:00', 1),
     (15, 'Wednesday', '12:00:00', '14:00:00', 1),
     (16, 'Wednesday', '14:00:00', '16:00:00', 1),
     (17, 'Wednesday', '16:00:00', '18:00:00', 1),
     (18, 'Wednesday', '18:00:00', '20:00:00', 1),
     (19, 'Thursday', '08:00:00', '10:00:00', 1),
     (20, 'Thursday', '10:00:00', '12:00:00', 1),
     (21, 'Thursday', '12:00:00', '14:00:00', 1),
     (22, 'Thursday', '14:00:00', '16:00:00', 1),
     (23, 'Thursday', '16:00:00', '18:00:00', 1),
     (24, 'Thursday', '18:00:00', '20:00:00', 1),
     (25, 'Friday', '08:00:00', '10:00:00', 1),
     (26, 'Friday', '10:00:00', '12:00:00', 1),
     (27, 'Friday', '12:00:00', '14:00:00', 1),
     (28, 'Friday', '14:00:00', '16:00:00', 1),
     (29, 'Friday', '16:00:00', '18:00:00', 1),
     (30, 'Friday', '18:00:00', '20:00:00', 1),
     (31, 'Monday', '08:00:00', '10:00:00', 2),
     (32, 'Monday', '10:00:00', '12:00:00', 2),
     (33, 'Monday', '12:00:00', '14:00:00', 2),
     (34, 'Monday', '14:00:00', '16:00:00', 2),
     (35, 'Monday', '16:00:00', '18:00:00', 2),
     (36, 'Monday', '18:00:00', '20:00:00', 2),
     (37, 'Tuesday', '08:00:00', '10:00:00', 2),
     (38, 'Tuesday', '10:00:00', '12:00:00', 2),
     (39, 'Tuesday', '12:00:00', '14:00:00', 2),
     (40, 'Tuesday', '14:00:00', '16:00:00', 2),
     (41, 'Tuesday', '16:00:00', '18:00:00', 2),
     (42, 'Tuesday', '18:00:00', '20:00:00', 2),
     (43, 'Wednesday', '08:00:00', '10:00:00', 2),
     (44, 'Wednesday', '10:00:00', '12:00:00', 2),
     (45, 'Wednesday', '12:00:00', '14:00:00', 2),
     (46, 'Wednesday', '14:00:00', '16:00:00', 2),
     (47, 'Wednesday', '16:00:00', '18:00:00', 2),
     (48, 'Wednesday', '18:00:00', '20:00:00', 2),
     (49, 'Thursday', '08:00:00', '10:00:00', 2),
     (50, 'Thursday', '10:00:00', '12:00:00', 2),
     (51, 'Thursday', '12:00:00', '14:00:00', 2),
     (52, 'Thursday', '14:00:00', '16:00:00', 2),
     (53, 'Thursday', '16:00:00', '18:00:00', 2),
     (54, 'Thursday', '18:00:00', '20:00:00', 2),
     (55, 'Friday', '08:00:00', '10:00:00', 2),
     (56, 'Friday', '10:00:00', '12:00:00', 2),
     (57, 'Friday', '12:00:00', '14:00:00', 2),
     (58, 'Friday', '14:00:00', '16:00:00', 2),
     (59, 'Friday', '16:00:00', '18:00:00', 2),
     (60, 'Friday', '18:00:00', '20:00:00', 2),
     (61, 'Monday', '08:00:00', '10:00:00', 3),
     (62, 'Monday', '10:00:00', '12:00:00', 3),
     (63, 'Monday', '12:00:00', '14:00:00', 3),
     (64, 'Monday', '14:00:00', '16:00:00', 3),
     (65, 'Monday', '16:00:00', '18:00:00', 3),
     (66, 'Monday', '18:00:00', '20:00:00', 3),
     (67, 'Tuesday', '08:00:00', '10:00:00', 3),
     (68, 'Tuesday', '10:00:00', '12:00:00', 3),
     (69, 'Tuesday', '12:00:00', '14:00:00', 3),
     (70, 'Tuesday', '14:00:00', '16:00:00', 3),
     (71, 'Tuesday', '16:00:00', '18:00:00', 3),
     (72, 'Tuesday', '18:00:00', '20:00:00', 3),
     (73, 'Wednesday', '08:00:00', '10:00:00', 3),
     (74, 'Wednesday', '10:00:00', '12:00:00', 3),
     (75, 'Wednesday', '12:00:00', '14:00:00', 3),
     (76, 'Wednesday', '14:00:00', '16:00:00', 3),
     (77, 'Wednesday', '16:00:00', '18:00:00', 3),
     (78, 'Wednesday', '18:00:00', '20:00:00', 3),
     (79, 'Thursday', '08:00:00', '10:00:00', 3),
     (80, 'Thursday', '10:00:00', '12:00:00', 3),
     (81, 'Thursday', '12:00:00', '14:00:00', 3),
     (82, 'Thursday', '14:00:00', '16:00:00', 3),
     (83, 'Thursday', '16:00:00', '18:00:00', 3),
     (84, 'Thursday', '18:00:00', '20:00:00', 3),
     (85, 'Friday', '08:00:00', '10:00:00', 3),
     (86, 'Friday', '10:00:00', '12:00:00', 3),
     (87, 'Friday', '12:00:00', '14:00:00', 3),
     (88, 'Friday', '14:00:00', '16:00:00', 3),
     (89, 'Friday', '16:00:00', '18:00:00', 3),
     (90, 'Friday', '18:00:00', '20:00:00', 3);

INSERT INTO lehrveranstaltung (ID, Titel, Fachbereich, Dauer, Raum_ID, Termin_ID, Lehrperson_ID)
VALUES 
    (1, 'Kiffologie', 'FB69', 2, 1, NULL, NULL),
    (2, 'ET2', 'FB03', 2, 1, NULL, NULL),
    (3, 'Mathematik I', 'FB01', 2, 2, NULL, NULL),
    (4, 'Physik II', 'FB02', 2, 2, NULL, NULL),
    (5, 'Informatik Grundlagen', 'FB03', 2, 2, NULL, NULL),
    (6, 'Chemie für Ingenieure', 'FB04', 2, 3, NULL, NULL),
    (7, 'Elektrotechnik Praktikum', 'FB05', 2, 3, NULL, NULL),
    (8, 'Medizinische Biotechnologie', 'FB06', 2, 3, NULL, NULL),
    (9, 'Kunstgeschichte', 'FB07', 2, 1, NULL, NULL),
    (10, 'Wirtschaftsethik', 'FB08', 2, 1, NULL, NULL),
    (11, 'Politikwissenschaften', 'FB09', 2, 1, NULL, NULL),
    (12, 'Psychologie II', 'FB10', 2, 2, NULL, NULL),
    (13, 'Soziologie der Arbeit', 'FB11', 2, 2, NULL, NULL),
    (14, 'Internationale Beziehungen', 'FB12', 2, 2, NULL, NULL),
    (15, 'Literaturwissenschaften', 'FB13', 2, 3, NULL, NULL),
    (16, 'Geschichte der Architektur', 'FB14', 2, 3, NULL, NULL),
    (17, 'Philosophie der Technik', 'FB15', 2, 3, NULL, NULL),
    (18, 'Sportwissenschaften', 'FB16', 2, 1, NULL, NULL),
    (19, 'Medieninformatik', 'FB17', 2, 1, NULL, NULL),
    (20, 'Maschinenbau', 'FB18', 2, 1, NULL, NULL),
    (21, 'Bauingenieurwesen', 'FB19', 2, 2, NULL, NULL),
    (22, 'Umwelttechnik', 'FB20', 2, 2, NULL, NULL),
    (23, 'Psychologie I', 'FB10', 2, 3, NULL, NULL),
    (24, 'Medienwissenschaften', 'FB13', 2, 3, NULL, NULL),
    (25, 'Designtheorie', 'FB14', 2, 3, NULL, NULL),
    (26, 'Robotik und Automatisierung', 'FB18', 2, 1, NULL, NULL),
    (27, 'Digitale Signalverarbeitung', 'FB19', 2, 1, NULL, NULL),
    (28, 'Nachhaltige Energie', 'FB20', 2, 1, NULL, NULL),
    (29, 'Biochemie', 'FB04', 2, 2, NULL, NULL),
    (30, 'Grundlagen der Betriebswirtschaftslehre', 'FB08', 2, 2, NULL, NULL),
    (31, 'Medienethik', 'FB13', 2, 2, NULL, NULL),
    (32, 'Archäologie der Antike', 'FB14', 2, 3, NULL, NULL),
    (33, 'Politische Ökonomie', 'FB09', 2, 3, NULL, NULL),
    (34, 'Kunstgeschichte der Renaissance', 'FB07', 2, 1, NULL, NULL),
    (35, 'Psychologie III', 'FB10', 2, 1, NULL, NULL),
    (36, 'Medieninformatik II', 'FB17', 2, 1, NULL, NULL),
    (37, 'Maschinendynamik', 'FB18', 2, 2, NULL, NULL),
    (38, 'Baurecht', 'FB19', 2, 2, NULL, NULL),
    (39, 'Umwelttechnik II', 'FB20', 2, 2, NULL, NULL),
    (40, 'Mikrobiologie', 'FB04', 2, 3, NULL, NULL),
    (41, 'Marketing Management', 'FB08', 2, 3, NULL, NULL),
    (42, 'Filmgeschichte', 'FB13', 2, 3, NULL, NULL),
    (43, 'Architekturtheorie', 'FB14', 2, 1, NULL, NULL),
    (44, 'Internationale Politik', 'FB09', 2, 1, NULL, NULL),
    (45, 'Moderne Kunst', 'FB07', 2, 2, NULL, NULL),
    (46, 'Psychologie IV', 'FB10', 2, 2, NULL, NULL),
    (47, 'Angewandte Kryptographie', 'FB17', 2, 2, NULL, NULL),
    (48, 'Thermodynamik', 'FB18', 2, 3, NULL, NULL),
    (49, 'Baukonstruktion', 'FB19', 2, 3, NULL, NULL),
    (50, 'Abfallwirtschaft', 'FB20', 2, 1, NULL, NULL),
    (51, 'Genetik', 'FB04', 2, 1, NULL, NULL),
    (52, 'Internationale Finanzmärkte', 'FB08', 2, 2, NULL, NULL);
