-- INSERT INTO benachrichtigung VALUES ();

-- INSERT INTO besuchen (Student_ID, Lehrveranstaltung_ID) 
-- VALUES
--      (4321, 1);

INSERT INTO lehrperson (ID, Name, Email, Rolle, Wochenarbeitsstunden)
VALUES
     (069, 'Jaman', 'jaman@stud.hn.de', 'Lehrer', 0),
     (1, 'Max Mustermann', 'max.mustermann@hs-niederrhein.de', 'Professor', 0),
    (2, 'Erika Musterfrau', 'erika.musterfrau@hs-niederrhein.de', 'Tutor', 0),
    (3, 'Hans Schmidt', 'hans.schmidt@hs-niederrhein.de', 'Dozent', 0),
    (4, 'Anna Berger', 'anna.berger@hs-niederrhein.de', 'Professor', 0),
    (5, 'Thomas Mayer', 'thomas.mayer@hs-niederrhein.de', 'Tutor', 0),
    (6, 'Monika Huber', 'monika.huber@hs-niederrhein.de', 'Dozent', 0),
    (7, 'Matthias Fischer', 'matthias.fischer@hs-niederrhein.de', 'Professor', 0),
    (8, 'Sabine Wolf', 'sabine.wolf@hs-niederrhein.de', 'Tutor', 0),
    (9, 'Jürgen Schulz', 'juergen.schulz@hs-niederrhein.de', 'Dozent', 0),
    (10, 'Petra Wagner', 'petra.wagner@hs-niederrhein.de', 'Professor', 0),
        (11, 'Harry Potter', 'Harry.Potter@hs-niederrhein.de', 'Dozent', 0),
    (12, 'Diavolo', 'Diavolo@hs-niederrhein.de', 'Professor', 0),
    (13, 'Giorno', 'Giorno@hs-niederrhein.de', 'Tutor', 0),    
    (14, 'Lisa Müller', 'lisa.mueller@hs-niederrhein.de', 'Dozent', 0),
    (15, 'Michael Braun', 'michael.braun@hs-niederrhein.de', 'Professor', 0),
    (16, 'Julia Becker', 'julia.becker@hs-niederrhein.de', 'Tutor', 0),
    (17, 'David Schuster', 'david.schuster@hs-niederrhein.de', 'Dozent', 0),
    (18, 'Katrin Richter', 'katrin.richter@hs-niederrhein.de', 'Professor', 0),
    (19, 'Markus König', 'markus.koenig@hs-niederrhein.de', 'Tutor', 0),
    (20, 'Sarah Neumann', 'sarah.neumann@hs-niederrhein.de', 'Dozent', 0),
    (21, 'Jan Bauer', 'jan.bauer@hs-niederrhein.de', 'Professor', 0),
    (22, 'Dio Brando', 'dio.brando@hs-niederrhein.de', 'Professor', 0),
    (23, 'Götz', 'von.Berlichingen@hs-niederrhein.de', 'Professor', 0),
        (24, 'William Shakespeare', 'william.shakespeare@hs-niederrhein.de', 'Professor', 0),
    (25, 'Jane Austen', 'jane.austen@hs-niederrhein.de', 'Professor', 0),
    (26, 'Mark Twain', 'mark.twain@hs-niederrhein.de', 'Professor', 0),
    (27, 'Charles Dickens', 'charles.dickens@hs-niederrhein.de', 'Professor', 0),
    (28, 'Leo Tolstoy', 'leo.tolstoy@hs-niederrhein.de', 'Professor', 0),
    (29, 'Homer', 'homer@hs-niederrhein.de', 'Professor', 0),
    (30, 'J.R.R. Tolkien', 'jrr.tolkien@hs-niederrhein.de', 'Professor', 0),
    (31, 'Hercules', 'hercules@hs-niederrhein.de', 'Professor', 0),
    (32, 'Odysseus', 'odysseus@hs-niederrhein.de', 'Professor', 0),
    (33, 'Achilles', 'achilles@hs-niederrhein.de', 'Professor', 0),
    (34, 'Aeneas', 'aeneas@hs-niederrhein.de', 'Professor', 0),
    (35, 'Antigone', 'antigone@hs-niederrhein.de', 'Professor', 0),
    (36, 'Beowulf', 'beowulf@hs-niederrhein.de', 'Professor', 0),
    (37, 'Gilgamesh', 'gilgamesh@hs-niederrhein.de', 'Professor', 0),
    (38, 'Oedipus', 'oedipus@hs-niederrhein.de', 'Professor', 0),
    (39, 'Medea', 'medea@hs-niederrhein.de', 'Professor', 0),
    (40, 'Thor', 'thor@hs-niederrhein.de', 'Professor', 0),
    (41, 'Lancelot', 'lancelot@hs-niederrhein.de', 'Professor', 0),
    (42, 'Arthur', 'arthur@hs-niederrhein.de', 'Professor', 0),
    (43, 'Merlin', 'merlin@hs-niederrhein.de', 'Professor', 0),
    (44, 'Robin Hood', 'robin.hood@hs-niederrhein.de', 'Professor', 0),
    (45, 'Sir Gawain', 'sir.gawain@hs-niederrhein.de', 'Professor', 0),
    (46, 'Guinevere', 'guinevere@hs-niederrhein.de', 'Professor', 0);



INSERT INTO raum (ID, Bezeichnung, Kapazitaet, Standort)
VALUES 
     (1, 'F303', 200, 'Krefeld'),
     (2, 'F302', 200, 'Krefeld'),
     (3, 'B101', 200, 'Gladbach');

INSERT INTO termin (ID, Wochentag, Zeitraum_Start, Zeitraum_End, Raum_ID)
VALUES
     (1, 'Monday', '08:00:00', '10:00:00', 1),
     (2, 'Monday', '10:00:00', '12:00:00', 1),
     (3, 'Monday', '12:00:00', '14:00:00', 1),
     (4, 'Monday', '14:00:00', '16:00:00', 1),
     (5, 'Monday', '16:00:00', '18:00:00', 1),
     (6, 'Monday', '18:00:00', '20:00:00', 1),
     (7, 'Tuesday', '08:00:00', '10:00:00', 1),
     (8, 'Tuesday', '10:00:00', '12:00:00', 1),
     (9, 'Tuesday', '12:00:00', '14:00:00', 1),
     (10, 'Tuesday', '14:00:00', '16:00:00', 1),
     (11, 'Tuesday', '16:00:00', '18:00:00', 1),
     (12, 'Tuesday', '18:00:00', '20:00:00', 1),
     (13, 'Wednesday', '08:00:00', '10:00:00', 1),
     (14, 'Wednesday', '10:00:00', '12:00:00', 1),
     (15, 'Wednesday', '12:00:00', '14:00:00', 1),
     (16, 'Wednesday', '14:00:00', '16:00:00', 1),
     (17, 'Wednesday', '16:00:00', '18:00:00', 1),
     (18, 'Wednesday', '18:00:00', '20:00:00', 1),
     (19, 'Thursday', '08:00:00', '10:00:00', 1),
     (20, 'Thursday', '10:00:00', '12:00:00', 1),
     (21, 'Thursday', '12:00:00', '14:00:00', 1),
     (22, 'Thursday', '14:00:00', '16:00:00', 1),
     (23, 'Thursday', '16:00:00', '18:00:00', 1),
     (24, 'Thursday', '18:00:00', '20:00:00', 1),
     (25, 'Friday', '08:00:00', '10:00:00', 1),
     (26, 'Friday', '10:00:00', '12:00:00', 1),
     (27, 'Friday', '12:00:00', '14:00:00', 1),
     (28, 'Friday', '14:00:00', '16:00:00', 1),
     (29, 'Friday', '16:00:00', '18:00:00', 1),
     (30, 'Friday', '18:00:00', '20:00:00', 1),
     (31, 'Monday', '08:00:00', '10:00:00', 2),
     (32, 'Monday', '10:00:00', '12:00:00', 2),
     (33, 'Monday', '12:00:00', '14:00:00', 2),
     (34, 'Monday', '14:00:00', '16:00:00', 2),
     (35, 'Monday', '16:00:00', '18:00:00', 2),
     (36, 'Monday', '18:00:00', '20:00:00', 2),
     (37, 'Tuesday', '08:00:00', '10:00:00', 2),
     (38, 'Tuesday', '10:00:00', '12:00:00', 2),
     (39, 'Tuesday', '12:00:00', '14:00:00', 2),
     (40, 'Tuesday', '14:00:00', '16:00:00', 2),
     (41, 'Tuesday', '16:00:00', '18:00:00', 2),
     (42, 'Tuesday', '18:00:00', '20:00:00', 2),
     (43, 'Wednesday', '08:00:00', '10:00:00', 2),
     (44, 'Wednesday', '10:00:00', '12:00:00', 2),
     (45, 'Wednesday', '12:00:00', '14:00:00', 2),
     (46, 'Wednesday', '14:00:00', '16:00:00', 2),
     (47, 'Wednesday', '16:00:00', '18:00:00', 2),
     (48, 'Wednesday', '18:00:00', '20:00:00', 2),
     (49, 'Thursday', '08:00:00', '10:00:00', 2),
     (50, 'Thursday', '10:00:00', '12:00:00', 2),
     (51, 'Thursday', '12:00:00', '14:00:00', 2),
     (52, 'Thursday', '14:00:00', '16:00:00', 2),
     (53, 'Thursday', '16:00:00', '18:00:00', 2),
     (54, 'Thursday', '18:00:00', '20:00:00', 2),
     (55, 'Friday', '08:00:00', '10:00:00', 2),
     (56, 'Friday', '10:00:00', '12:00:00', 2),
     (57, 'Friday', '12:00:00', '14:00:00', 2),
     (58, 'Friday', '14:00:00', '16:00:00', 2),
     (59, 'Friday', '16:00:00', '18:00:00', 2),
     (60, 'Friday', '18:00:00', '20:00:00', 2),
     (61, 'Monday', '08:00:00', '10:00:00', 3),
     (62, 'Monday', '10:00:00', '12:00:00', 3),
     (63, 'Monday', '12:00:00', '14:00:00', 3),
     (64, 'Monday', '14:00:00', '16:00:00', 3),
     (65, 'Monday', '16:00:00', '18:00:00', 3),
     (66, 'Monday', '18:00:00', '20:00:00', 3),
     (67, 'Tuesday', '08:00:00', '10:00:00', 3),
     (68, 'Tuesday', '10:00:00', '12:00:00', 3),
     (69, 'Tuesday', '12:00:00', '14:00:00', 3),
     (70, 'Tuesday', '14:00:00', '16:00:00', 3),
     (71, 'Tuesday', '16:00:00', '18:00:00', 3),
     (72, 'Tuesday', '18:00:00', '20:00:00', 3),
     (73, 'Wednesday', '08:00:00', '10:00:00', 3),
     (74, 'Wednesday', '10:00:00', '12:00:00', 3),
     (75, 'Wednesday', '12:00:00', '14:00:00', 3),
     (76, 'Wednesday', '14:00:00', '16:00:00', 3),
     (77, 'Wednesday', '16:00:00', '18:00:00', 3),
     (78, 'Wednesday', '18:00:00', '20:00:00', 3),
     (79, 'Thursday', '08:00:00', '10:00:00', 3),
     (80, 'Thursday', '10:00:00', '12:00:00', 3),
     (81, 'Thursday', '12:00:00', '14:00:00', 3),
     (82, 'Thursday', '14:00:00', '16:00:00', 3),
     (83, 'Thursday', '16:00:00', '18:00:00', 3),
     (84, 'Thursday', '18:00:00', '20:00:00', 3),
     (85, 'Friday', '08:00:00', '10:00:00', 3),
     (86, 'Friday', '10:00:00', '12:00:00', 3),
     (87, 'Friday', '12:00:00', '14:00:00', 3),
     (88, 'Friday', '14:00:00', '16:00:00', 3),
     (89, 'Friday', '16:00:00', '18:00:00', 3),
     (90, 'Friday', '18:00:00', '20:00:00', 3);

INSERT INTO lehrveranstaltung (ID, Titel, Fachbereich, Dauer, Raum_ID, Termin_ID, Lehrperson_ID)
VALUES 
    (1, 'Kiffologie', 'FB69', 2, 1, NULL, NULL),
    (2, 'ET2', 'FB03', 2, 1, NULL, NULL),
    (3, 'Mathematik I', 'FB01', 2, 2, NULL, NULL),
    (4, 'Physik II', 'FB02', 2, 2, NULL, NULL),
    (5, 'Informatik Grundlagen', 'FB03', 2, 2, NULL, NULL),
    (6, 'Chemie für Ingenieure', 'FB04', 2, 3, NULL, NULL),
    (7, 'Elektrotechnik Praktikum', 'FB05', 2, 3, NULL, NULL),
    (8, 'Medizinische Biotechnologie', 'FB06', 2, 3, NULL, NULL),
    (9, 'Kunstgeschichte', 'FB07', 2, 1, NULL, NULL),
    (10, 'Wirtschaftsethik', 'FB08', 2, 1, NULL, NULL),
    (11, 'Politikwissenschaften', 'FB09', 2, 1, NULL, NULL),
    (12, 'Psychologie II', 'FB10', 2, 2, NULL, NULL),
    (13, 'Soziologie der Arbeit', 'FB11', 2, 2, NULL, NULL),
    (14, 'Internationale Beziehungen', 'FB12', 2, 2, NULL, NULL),
    (15, 'Literaturwissenschaften', 'FB13', 2, 3, NULL, NULL),
    (16, 'Geschichte der Architektur', 'FB14', 2, 3, NULL, NULL),
    (17, 'Philosophie der Technik', 'FB15', 2, 3, NULL, NULL),
    (18, 'Sportwissenschaften', 'FB16', 2, 1, NULL, NULL),
    (19, 'Medieninformatik', 'FB17', 2, 1, NULL, NULL),
    (20, 'Maschinenbau', 'FB18', 2, 1, NULL, NULL),
    (21, 'Bauingenieurwesen', 'FB19', 2, 2, NULL, NULL),
    (22, 'Umwelttechnik', 'FB20', 2, 2, NULL, NULL),
    (23, 'Psychologie I', 'FB10', 2, 3, NULL, NULL),
    (24, 'Medienwissenschaften', 'FB13', 2, 3, NULL, NULL),
    (25, 'Designtheorie', 'FB14', 2, 3, NULL, NULL),
    (26, 'Robotik und Automatisierung', 'FB18', 2, 1, NULL, NULL),
    (27, 'Digitale Signalverarbeitung', 'FB19', 2, 1, NULL, NULL),
    (28, 'Nachhaltige Energie', 'FB20', 2, 1, NULL, NULL),
    (29, 'Biochemie', 'FB04', 2, 2, NULL, NULL),
    (30, 'Grundlagen der Betriebswirtschaftslehre', 'FB08', 2, 2, NULL, NULL),
    (31, 'Medienethik', 'FB13', 2, 2, NULL, NULL),
    (32, 'Archäologie der Antike', 'FB14', 2, 3, NULL, NULL),
    (33, 'Politische Ökonomie', 'FB09', 2, 3, NULL, NULL),
    (34, 'Kunstgeschichte der Renaissance', 'FB07', 2, 1, NULL, NULL),
    (35, 'Psychologie III', 'FB10', 2, 1, NULL, NULL),
    (36, 'Medieninformatik II', 'FB17', 2, 1, NULL, NULL),
    (37, 'Maschinendynamik', 'FB18', 2, 2, NULL, NULL),
    (38, 'Baurecht', 'FB19', 2, 2, NULL, NULL),
    (39, 'Umwelttechnik II', 'FB20', 2, 2, NULL, NULL),
    (40, 'Mikrobiologie', 'FB04', 2, 3, NULL, NULL),
    (41, 'Marketing Management', 'FB08', 2, 3, NULL, NULL),
    (42, 'Filmgeschichte', 'FB13', 2, 3, NULL, NULL),
    (43, 'Architekturtheorie', 'FB14', 2, 1, NULL, NULL),
    (44, 'Internationale Politik', 'FB09', 2, 1, NULL, NULL),
    (45, 'Moderne Kunst', 'FB07', 2, 2, NULL, NULL),
    (46, 'Psychologie IV', 'FB10', 2, 2, NULL, NULL),
    (47, 'Angewandte Kryptographie', 'FB17', 2, 2, NULL, NULL),
    (48, 'Thermodynamik', 'FB18', 2, 3, NULL, NULL),
    (49, 'Baukonstruktion', 'FB19', 2, 3, NULL, NULL),
    (50, 'Abfallwirtschaft', 'FB20', 2, 1, NULL, NULL),
    (51, 'Genetik', 'FB04', 2, 1, NULL, NULL),
    (52, 'Internationale Finanzmärkte', 'FB08', 2, 2, NULL, NULL),
        (53, 'Astrophysik', 'FB02', 2, 1, NULL, NULL),
    (54, 'Software Engineering', 'FB03', 2, 2, NULL, NULL),
    (55, 'Organische Chemie', 'FB04', 2, 3, NULL, NULL),
    (56, 'Elektrische Messtechnik', 'FB05', 2, 1, NULL, NULL),
    (57, 'Biotechnologie und Bioinformatik', 'FB06', 2, 2, NULL, NULL),
    (58, 'Literaturtheorie', 'FB07', 2, 3, NULL, NULL),
    (59, 'Geschichte der Wissenschaft', 'FB12', 2, 1, NULL, NULL),
    (60, 'Philosophie der Kunst', 'FB15', 2, 2, NULL, NULL),
    (61, 'Sportpsychologie', 'FB16', 2, 3, NULL, NULL),
    (62, 'Medienpsychologie', 'FB13', 2, 1, NULL, NULL),
    (63, 'Robotik und Mensch-Roboter-Interaktion', 'FB18', 2, 2, NULL, NULL),
    (64, 'Nachhaltiges Bauen und Energieeffizienz', 'FB19', 2, 3, NULL, NULL),
    (65, 'Umweltmanagement', 'FB20', 2, 1, NULL, NULL),
    (66, 'Virologie', 'FB04', 2, 2, NULL, NULL),
    (67, 'Strategisches Management', 'FB08', 2, 3, NULL, NULL),
    (68, 'Filmästhetik und Medienkultur', 'FB13', 2, 1, NULL, NULL),
    (69, 'Archäologie der Mittelalter', 'FB14', 2, 2, NULL, NULL),
    (70, 'Internationale Beziehungen in Asien', 'FB09', 2, 3, NULL, NULL),
    (71, 'Klassische Architektur', 'FB19', 2, 1, NULL, NULL),
    (72, 'Abwasserwirtschaft', 'FB20', 2, 2, NULL, NULL),
    (73, 'Molekularbiologie', 'FB04', 2, 3, NULL, NULL),
    (74, 'E-Commerce', 'FB08', 2, 1, NULL, NULL),
    (75, 'Mediensoziologie', 'FB13', 2, 2, NULL, NULL),
    (76, 'Kunsttheorie und -kritik', 'FB07', 2, 3, NULL, NULL),
    (77, 'Geschichte der Technik', 'FB12', 2, 1, NULL, NULL),
    (78, 'Bioinformatik', 'FB06', 2, 2, NULL, NULL),
    (79, 'Kulturphilosophie', 'FB15', 2, 3, NULL, NULL),
    (80, 'Sportökonomie', 'FB16', 2, 1, NULL, NULL),
    (81, 'Mediendidaktik', 'FB13', 2, 2, NULL, NULL),
    (82, 'Fotografiegeschichte', 'FB07', 2, 1, NULL, NULL),
    (83, 'Kognitionspsychologie', 'FB10', 2, 2, NULL, NULL),
    (84, 'Industrierobotik', 'FB18', 2, 3, NULL, NULL),
    (85, 'Bauplanungsrecht', 'FB19', 2, 1, NULL, NULL),
    (86, 'Wasserressourcenmanagement', 'FB20', 2, 2, NULL, NULL),
    (87, 'Immunologie', 'FB04', 2, 3, NULL, NULL),
    (88, 'Investment Banking', 'FB08', 2, 1, NULL, NULL),
    (89, 'Medienrecht', 'FB13', 2, 2, NULL, NULL),
    (90, 'Architekturgeschichte der Moderne', 'FB14', 2, 3, NULL, NULL),
     (91, 'Astrobiologie', 'FB02', 2, NULL, NULL, NULL),
    (92, 'Webentwicklung', 'FB03', 2, NULL, NULL, NULL),
    (93, 'Organische Synthesechemie', 'FB04', 2, NULL, NULL, NULL),
    (94, 'Elektromagnetische Felder', 'FB05', 2, NULL, NULL, NULL),
    (95, 'Genomik und Proteomik', 'FB06', 2, NULL, NULL, NULL),
    (96, 'Literaturgeschichte der Romantik', 'FB07', 2, NULL, NULL, NULL),
    (97, 'Globalisierung und Entwicklung', 'FB09', 2, NULL, NULL, NULL),
    (98, 'Filmproduktion', 'FB13', 2, NULL, NULL, NULL),
    (99, 'Archäologie der Bronzezeit', 'FB14', 2, NULL, NULL, NULL),
    (100, 'Internationale Sicherheitspolitik', 'FB09', 2, NULL, NULL, NULL),
    (101, 'Kunstgeschichte des Barocks', 'FB07', 2, NULL, NULL, NULL),
    (102, 'Psycholinguistik', 'FB10', 2, NULL, NULL, NULL),
    (103, 'Medienpsychologie II', 'FB13', 2, NULL, NULL, NULL),
    (104, 'Maschinenbau III', 'FB18', 2, NULL, NULL, NULL),
    (105, 'Robotik in der Medizin', 'FB18', 2, NULL, NULL, NULL),
    (106, 'Digital Humanities', 'FB13', 2, NULL, NULL, NULL),
    (107, 'Wirtschaftspsychologie', 'FB10', 2, NULL, NULL, NULL),
    (108, 'Medieninformatik III', 'FB17', 2, NULL, NULL, NULL),
    (109, 'Maschinendynamik II', 'FB18', 2, NULL, NULL, NULL),
    (110, 'Baurecht II', 'FB19', 2, NULL, NULL, NULL),
    (111, 'Umwelttechnik III', 'FB20', 2, NULL, NULL, NULL),
    (112, 'Neurobiologie', 'FB04', 2, NULL, NULL, NULL),
    (113, 'Personalmanagement', 'FB08', 2, NULL, NULL, NULL),
    (114, 'Mediensoziologie II', 'FB13', 2, NULL, NULL, NULL),
    (115, 'Kunstgeschichte der Renaissance II', 'FB07', 2, NULL, NULL, NULL),
    (116, 'Sozialpsychologie', 'FB10', 2, NULL, NULL, NULL),
    (117, 'Bildverarbeitung', 'FB17', 2, NULL, NULL, NULL),
    (118, 'Mechatronik', 'FB18', 2, NULL, NULL, NULL),
    (119, 'Bauökologie', 'FB19', 2, NULL, NULL, NULL),
    (120, 'Abfallwirtschaft II', 'FB20', 2, NULL, NULL, NULL),
        (121, 'Statistik I', 'FB01', 2, NULL, NULL, NULL),
    (122, 'Maschinelles Lernen', 'FB03', 2, NULL, NULL, NULL),
    (123, 'Datenstrukturen und Algorithmen', 'FB03', 2, NULL, NULL, NULL),
    (124, 'Grundlagen der Elektrotechnik', 'FB04', 2, NULL, NULL, NULL),
    (125, 'Angewandte Physik', 'FB02', 2, NULL, NULL, NULL),
    (126, 'Chemische Reaktionstechnik', 'FB04', 2, NULL, NULL, NULL),
    (127, 'Künstliche Intelligenz', 'FB03', 2, NULL, NULL, NULL),
    (128, 'Software Engineering', 'FB03', 2, NULL, NULL, NULL),
    (129, 'Biomedizinische Technik', 'FB05', 2, NULL, NULL, NULL),
    (130, 'Nachhaltige Entwicklung', 'FB06', 2, NULL, NULL, NULL),
    (131, 'Robotik', 'FB07', 2, NULL, NULL, NULL),
    (132, 'Automatisierungstechnik', 'FB08', 2, NULL, NULL, NULL),
    (133, 'Moderne Physik', 'FB02', 2, NULL, NULL, NULL),
    (134, 'Molekularbiologie', 'FB04', 2, NULL, NULL, NULL),
    (135, 'Betriebswirtschaftslehre', 'FB09', 2, NULL, NULL, NULL),
    (136, 'Volkswirtschaftslehre', 'FB10', 2, NULL, NULL, NULL),
    (137, 'Organische Chemie', 'FB04', 2, NULL, NULL, NULL),
    (138, 'Marketing', 'FB11', 2, NULL, NULL, NULL),
    (139, 'Finanzmanagement', 'FB12', 2, NULL, NULL, NULL),
    (140, 'Personalmanagement', 'FB13', 2, NULL, NULL, NULL),
    (141, 'Projektmanagement', 'FB14', 2, NULL, NULL, NULL),
    (142, 'Logistik', 'FB15', 2, NULL, NULL, NULL),
    (143, 'Wirtschaftsinformatik', 'FB16', 2, NULL, NULL, NULL),
    (144, 'Kommunikationstechnik', 'FB17', 2, NULL, NULL, NULL),
    (145, 'Internationale Beziehungen II', 'FB12', 2, NULL, NULL, NULL),
    (146, 'Soziologie', 'FB18', 2, NULL, NULL, NULL),
    (147, 'Psychologie V', 'FB10', 2, NULL, NULL, NULL),
    (148, 'Ethik', 'FB19', 2, NULL, NULL, NULL),
    (149, 'Literatur und Medien', 'FB13', 2, NULL, NULL, NULL),
    (150, 'Kunst und Kultur', 'FB07', 2, NULL, NULL, NULL),
    (151, 'Sprachwissenschaften', 'FB20', 2, NULL, NULL, NULL),
    (152, 'Geoinformatik', 'FB03', 2, NULL, NULL, NULL),
    (153, 'Mediengestaltung', 'FB17', 2, NULL, NULL, NULL),
    (154, 'Medienrecht', 'FB08', 2, NULL, NULL, NULL),
    (155, 'Nachrichtentechnik', 'FB04', 2, NULL, NULL, NULL),
    (156, 'Computergrafik', 'FB03', 2, NULL, NULL, NULL),
    (157, 'Netzwerktechnik', 'FB03', 2, NULL, NULL, NULL),
    (158, 'Bauplanung', 'FB19', 2, NULL, NULL, NULL),
    (159, 'Umweltschutz', 'FB20', 2, NULL, NULL, NULL),
    (160, 'Energieversorgung', 'FB06', 2, NULL, NULL, NULL),
    (161, 'Regenerative Energien', 'FB20', 2, NULL, NULL, NULL),
    (162, 'Grundlagen der Architektur', 'FB14', 2, NULL, NULL, NULL),
    (163, 'Ingenieurmathematik', 'FB01', 2, NULL, NULL, NULL),
    (164, 'Theoretische Physik', 'FB02', 2, NULL, NULL, NULL),
    (165, 'Industrielle Chemie', 'FB04', 2, NULL, NULL, NULL),
    (166, 'Biotechnologie', 'FB06', 2, NULL, NULL, NULL),
    (167, 'Umweltmanagement', 'FB20', 2, NULL, NULL, NULL),
    (168, 'Internationale Logistik', 'FB15', 2, NULL, NULL, NULL),
    (169, 'Statistik II', 'FB01', 2, NULL, NULL, NULL),
    (170, 'Angewandte Mathematik', 'FB01', 2, NULL, NULL, NULL),
    (171, 'Pharmakologie', 'FB05', 2, NULL, NULL, NULL),
    (172, 'Wirtschaftspolitik', 'FB09', 2, NULL, NULL, NULL),
    (173, 'Bildungstechnologie', 'FB17', 2, NULL, NULL, NULL),
    (174, 'Medienproduktion', 'FB17', 2, NULL, NULL, NULL),
    (175, 'Entwicklungspolitik', 'FB12', 2, NULL, NULL, NULL),
    (176, 'Quantitative Methoden', 'FB10', 2, NULL, NULL, NULL),
    (177, 'Sozialpsychologie', 'FB18', 2, NULL, NULL, NULL),
    (178, 'Philosophie der Wissenschaft', 'FB19', 2, NULL, NULL, NULL),
    (179, 'Neurowissenschaften', 'FB05', 2, NULL, NULL, NULL),
    (180, 'Verhaltensökonomie', 'FB09', 2, NULL, NULL, NULL),
    (181, 'Sport und Gesundheit', 'FB16', 2, NULL, NULL, NULL),
    (182, 'Ergonomie', 'FB19', 2, NULL, NULL, NULL),
    (183, 'Technisches Zeichnen', 'FB04', 2, NULL, NULL, NULL),
    (184, 'Maschinenbau Grundlagen', 'FB18', 2, NULL, NULL, NULL),
    (185, 'Industriedesign', 'FB14', 2, NULL, NULL, NULL),
    (186, 'Produktionsmanagement', 'FB15', 2, NULL, NULL, NULL),
    (187, 'Wirtschaftsrecht', 'FB08', 2, NULL, NULL, NULL),
    (188, 'Internationale Handelsbeziehungen', 'FB12', 2, NULL, NULL, NULL),
    (189, 'Sozialarbeit', 'FB20', 2, NULL, NULL, NULL),
    (190, 'Angewandte Informatik', 'FB03', 2, NULL, NULL, NULL),
    (191, 'Mobilkommunikation', 'FB04', 2, NULL, NULL, NULL),
    (192, 'Öffentliches Recht', 'FB08', 2, NULL, NULL, NULL),
    (193, 'Privatrecht', 'FB08', 2, NULL, NULL, NULL),
    (194, 'Steuerrecht', 'FB08', 2, NULL, NULL, NULL),
    (195, 'Sozialrecht', 'FB08', 2, NULL, NULL, NULL),
    (196, 'Europarecht', 'FB08', 2, NULL, NULL, NULL),
    (197, 'Internationales Recht', 'FB08', 2, NULL, NULL, NULL),
    (198, 'Umweltrecht', 'FB08', 2, NULL, NULL, NULL),
    (199, 'Medienrecht', 'FB08', 2, NULL, NULL, NULL),
    (200, 'Internetrecht', 'FB08', 2, NULL, NULL, NULL);

